--authors: David Panzoli, Blandine Auger
--date: 9/12/2019
--version: 1.1

--  ____                  _               
-- / ___|  ___ _ ____   _(_) ___ ___  ___ 
-- \___ \ / _ \ '__\ \ / / |/ __/ _ \/ __|
--  ___) |  __/ |   \ V /| | (_|  __/\__ \
-- |____/ \___|_|    \_/ |_|\___\___||___/
-- 
DROP TABLE IF EXISTS Services;

CREATE TABLE Services (
	id INTEGER PRIMARY KEY,
	libelle TEXT
);

INSERT INTO Services(id,libelle) VALUES
(0,"Fabrication conditionnement"),
(1,"Direction"),
(2,"Administration"),
(3,"Administration des ventes"),
(4,"Support technique"),
(5,"Vente"),
(6,"Marketing"),
(7,"Achats"),
(8,"Supply chain logistique"),
(9,"R&D"),
(10,"RH"),
(11,"Finance"),
(12,"Informatique");

--  ____                                      _     
-- |  _ \ ___ _ __ ___  ___  _ __  _ __   ___| |___ 
-- | |_) / _ \ '__/ __|/ _ \| '_ \| '_ \ / _ \ / __|
-- |  __/  __/ |  \__ \ (_) | | | | | | |  __/ \__ \
-- |_|   \___|_|  |___/\___/|_| |_|_| |_|\___|_|___/
--                                                  
DROP TABLE IF EXISTS Personnels;

CREATE TABLE Personnels (
	id	INTEGER PRIMARY KEY,
	nom TEXT NOT NULL,
	prenoms TEXT NOT NULL,
	adresse TEXT,
	nationalité TEXT,
	date_naissance DATE NOT NULL,
	sexe TEXT,
	service INTEGER NOT NULL,
	emploi TEXT,
	qualification TEXT,
	n_plus_un INTEGER,
	date_entrée TEXT,
	date_retraite TEXT,
	apprenti TEXT,
	contrat_qualification TEXT,
	contrat_adaptation TEXT,
	cdd TEXT,
	temps_partiel TEXT,
	temporaire TEXT,
	salaire_brut_annuel_2013 INTEGER,
	variable_annuel_brut_2013 INTEGER,
	salaire_brut_annuel_2019 INTEGER,
	variable_annuel_brut_2019 INTEGER,
	primes INTEGER,
	annee_dernier_entretien_professionnel INTEGER,
	annee_dernier_entretien_individuel INTEGER
);

INSERT INTO Personnels (
	id,
	nom,
	prenoms,
	adresse,
	nationalité,
	date_naissance,
	sexe,
	service,
	emploi,
	qualification,
	n_plus_un,
	date_entrée,
	date_retraite,
	apprenti,
	contrat_qualification,
	contrat_adaptation,cdd,
	temps_partiel,
	temporaire,
	salaire_brut_annuel_2013,
	variable_annuel_brut_2013,
	salaire_brut_annuel_2019,
	variable_annuel_brut_2019,
	primes,
	annee_dernier_entretien_professionnel,
	annee_dernier_entretien_individuel) 
VALUES
(1,'DUMONT','Bernard','13 rue des Mésanges, 81000 Albi','Française','1969-01-12','M',0,'Chef d''équipe','6B',2,'1989-06-15','2031-12-28','','','','','','',24272,'',25000,'',5,2018,2019),
(2,'ROY','Louis','8 rue de l''alouette, 81000 Albi','Française','1957-05-03','M',0,'Responsable production','8B',3,'1978-06-16','2020-04-17','','','','','','',40385,'',42000,'',5,2018,2019),
(3,'LEMENT','Jean','112 avenue des hirondelles, 81200 Lisle su Tarn','Française','1965-04-13','M',1,'Directeur Production','10',4,'1990-06-17','2028-03-28','','','','','','',63107,'',65000,'',5,2018,2019),
(4,'MARTIN','Eliane','45 rue henri desbals, 82300 Halebert','Française','1958-01-16','F',1,'Directrice Générale','11','','1988-06-18','2020-12-31','','','','','','',97087,'',100000,'',5,2018,2019),
(5,'DETROIT','Océane','72 chemin du tortiot, 82300 Halebert','Française','1995-07-15','F',2,'Hôtesse d''accueil','1C',59,'2015-06-19','2058-06-29','','','','','','',19048,'',20000,'',5,2018,2019),
(6,'ALBERT','Marie','18 route de Castres, 82150 Girons','Française','1978-06-25','F',3,'Assistante ADV','1C',15,'2003-06-20','2041-06-09','','','','','','',21359,5,22000,5,5,2018,2019),
(7,'JAMON','Franck','16 avenue JJ Rousseau, 81000 Albi','Française','1960-08-06','M',1,'Directeur commercial','10',4,'2000-06-21','2023-07-22','','','','','','',72727,20,80000,20,5,2018,2019),
(8,'PANTIN','Mila','18 impasse du loup, 81450 Darton','Française','1990-08-07','F',3,'Assistant Commercial','3C',15,'2010-06-22','2053-07-22','','','','','','',21359,5,22000,5,5,2018,2019),
(9,'PRISME','Hugo','151 avenue Matisse, 81000 Albi','Française','1995-08-08','M',3,'Assistant Commercial','3C',15,'2017-06-23','2058-07-23','1','','','1','','',19266,5,21000,5,5,2018,2019),
(10,'ALIBERT','Manon','11 rue des martyrs, 81000 Albi','Française','1978-08-09','F',4,'Responsable SAV','7B',7,'2005-06-24','2041-07-24','','','','','04-mai','',33645,'',36000,'',5,2018,2019),
(11,'CANTER','Jérémy','13 rue dufour, 81000 Albi','Française','1991-08-10','M',4,'Assistant technique','2C',10,'2013-06-25','2054-07-25','','','','','','',22330,'',23000,'',5,2018,2019),
(12,'AFFREY','Léa','58 rue des alouettes, 812350 Gorges','Française','1984-08-11','F',4,'Ingénieur maintenance','5A',10,'2011-06-26','2047-07-27','','','','','04-mai','',34951,'',36000,'',5,2018,2019),
(13,'BERTRAND','Matthieu','72 avenue des minimes, 31000 Toulouse','Française','1982-08-12','M',4,'Ingenieur support','5B',10,'1999-06-27','2045-07-27','','','','','','',40777,'',42000,'',5,2018,2019),
(14,'ALIL','Yannis','15 impasse de la revolution, 81450 Haletarde','Française','1975-08-13','M',4,'Responsable ADV','7A',7,'1997-06-28','2038-07-28','','','','','','',50000,20,55000,20,5,2018,2019),
(15,'SMITH','Jane','387 chemin du renard, 81659 Farce','Française','1973-08-14','F',5,'Responsable commercial','7B',7,'2003-06-29','2036-07-29','','','','','','',58252,20,60000,20,5,2018,2019),
(16,'CAZALS','Ludivine','45 boulevard farouette, 81000 Albi','Française','1981-08-15','F',6,'Chef de produit','5A',19,'2008-06-30','2044-07-30','','','','','04-mai','',36893,'',38000,'',5,2018,2019),
(17,'CAILLIER','Antoine','13 rue des Remblas, 81000 Albi','Française','1986-08-16','M',6,'Chef de marché','4C',19,'2015-07-01','2049-07-31','','','','','','',33981,'',35000,'',5,2018,2019),
(18,'TISSERANT','Fleur','8 rue de la canette, 81000 Albi','Française','1993-08-17','F',6,'Chargé d''étude marketing','3C',19,'2019-07-02','2056-08-01','','','','','','',27778,'',30000,'',5,'',2019),
(19,'BOUTET','Thibault','112 avenue des hommes, 81200 Lisle su Tarn','Française','1975-08-18','M',6,'Responsable marketing','8A',7,'2002-07-03','2038-08-02','','','','','','',46602,'',48000,'',5,2018,2019),
(20,'HORTEGA','Maria','45 rue henri rousseau, 82300 Halebert','Française','1972-08-19','F',5,'Délégué pharmaceutique','3C',15,'1995-07-04','2035-08-04','','','','','','',28155,'',29000,'',5,2018,2019),
(21,'FILIBERT','Basile','72 chemin du calaes, 82300 Halebert','Française','1997-08-20','M',5,'Délégué pharmaceutique','3A',15,'2018-07-05','2060-08-04','','','','','','',18462,'',24000,'',5,2018,2019),
(22,'FREMONT','Théo','18 route de toulouse, 82150 Girons','Française','1993-08-21','M',5,'Délégué pharmaceutique','3B',15,'2015-07-06','2056-08-05','','','','','','',24299,'',26000,'',5,2018,2019),
(23,'DAVID','Stéphane','16 avenue marc enters, 81000 Albi','Française','1979-08-22','M',5,'Consultant ingénierie laboratoire','4C',15,'2007-07-07','2042-08-06','','','','','','',36893,'',38000,'',5,2018,2019),
(24,'MALOUIN','Louise','18 impasse du canard, 81450 Darton','Française','1970-08-23','F',5,'Responsable grands comptes','8B',15,'2012-07-08','2033-08-07','','','','','','',48544,20,50000,20,5,2018,2019),
(25,'BETON','Emma','151 avenue Picasso, 81000 Albi','Française','1984-08-24','F',5,'Vendeurs grands comptes','5C',24,'2010-07-09','2047-08-09','','','','','','',32039,20,33000,20,5,2018,2019),
(26,'ZIDANE','Zinedine','11 rue des enfants, 81000 Albi','Française','1987-08-25','M',5,'Vendeurs','4A',7,'2010-07-10','2050-08-09','','','','','','',27184,15,28000,15,5,2018,2019),
(27,'NTAMAK','Emile','13 rue Alain, 81000 Albi','Française','1995-08-26','M',5,'Vendeurs','4A',7,'2017-07-11','2058-08-10','1','','','1','','',23333,15,28000,15,5,2018,2019),
(28,'BLANCO','Serge','58 rue des Gironcles, 812350 Gorges','Française','1982-08-27','M',7,'Acheteur','4C',29,'2009-07-12','2045-08-11','','','','','','',26667,'',32000,'',5,2018,2019),
(29,'MBAPPE','Kilian','72 avenue des Parmes, 31000 Toulouse','Française','1970-08-28','M',1,'Directeur achats','9B',4,'2000-07-13','2033-08-12','','','','','','',58252,'',60000,'',5,2018,2019),
(30,'PARKER','Tony','15 impasse de la Passion, 81450 Haletarde','Française','1994-08-29','M',8,'Magasinier','2C',32,'2014-07-14','2057-08-13','','','','','','',19417,'',20000,'',5,2018,2019),
(31,'ASTER','Béatrice','387 chemin du Pantin, 81659 Farce','Française','1969-08-30','F',8,'Magasinier','3C',32,'1994-07-15','2032-08-14','','','','','','',22018,'',24000,'',5,2018,2019),
(32,'ASTOUL','Laure','45 boulevard Simon, 81000 Albi','Française','1968-08-31','F',8,'Responsable de magasin','7A',35,'1988-07-16','2031-08-16','','','','','','',24272,'',25000,'',5,2018,2019),
(33,'GIROUX','Fabien','45 boulevard des bottes, 81000 Albi','Française','1999-09-01','M',8,'Manutentionnaire','2A',32,'2019-07-17','2062-08-16','','','','','','',17476,'',18000,'',5,'',2019),
(34,'NADAL','Rafael','13 rue des animaux, 81000 Albi','Française','1978-09-02','M',8,'Responsable supply Chain ','3B',2,'2006-07-18','2041-08-17','','','','','','',53398,'',55000,'',5,2018,2019),
(35,'NOAH','Yannick','8 rue de la Paire, 81000 Albi','Française','2000-09-03','M',8,'Manutentionnaire','2A',32,'2018-07-19','2063-08-19','','','','','','',17476,'',18000,'',5,2018,2019),
(36,'DION','Céline','112 avenue des femmes, 81200 Lisle su Tarn','Française','1979-09-04','F',0,'Agent d''hygiène','2B',42,'2004-07-20','2042-08-19','','','','','','',17476,'',18000,'',5,2018,2019),
(37,'ALI','Mohammed','45 rue Jean de la fontaine, 82300 Halebert','Française','1975-09-05','M',0,'Conducteur de ligne conditionnement','2C',42,'1997-07-21','2038-08-20','','','','','','',19417,'',20000,'',5,2018,2019),
(38,'PITT','Brad','72 chemin du port, 82300 Halebert','Française','1972-09-06','M',0,'Conducteur de ligne production','3A',42,'1992-07-22','2035-08-22','','','','','','',22330,'',23000,'',5,2018,2019),
(39,'JOLIE','Angelina','18 route de Montauban, 82150 Girons','Française','1980-09-07','F',0,'Opérateur de production','3C',42,'192001-07-23','2043-08-23','','','','','','',18447,'',19000,'',5,2018,2019),
(40,'MCQUEEN','Steve','16 avenue marc Lavoine, 81000 Albi','Française','1983-09-08','M',0,'Agent de nettoyage','2C',42,'2005-07-24','2046-08-23','','','','','','',17476,'',18000,'',5,2018,2019),
(41,'BRANDO','Marlon','18 impasse du Jardin, 81450 Darton','Française','1974-09-09','M',0,'Opérateur machine','3B',42,'1998-07-25','2037-08-24','','','','','','',19417,'',20000,'',5,2018,2019),
(42,'JAOUI','Agnès','151 avenue Dali, 81000 Albi','Française','1969-09-10','F',0,'Chef d''atelier','5A',43,'1988-07-26','2032-08-25','','','','','','',24272,'',25000,'',5,2018,2019),
(43,'DENEUVE','Catherine','11 rue des Mères, 81000 Albi','Française','1976-09-11','F',0,'Responsable fabrication','7B',3,'2002-07-27','2039-08-27','','','','','','',43689,'',45000,'',5,2018,2019),
(44,'ROBIN','Muriel','13 rue Bertrand, 81000 Albi','Française','1988-09-12','F',0,'Ingénieur process','6A',42,'2015-07-28','2051-08-28','','','','','','',40777,'',42000,'',5,2018,2019),
(45,'FORESTI','Florence','58 rue des tournesols, 812350 Gorges','Française','1983-09-13','F',0,'Technicien industrialisation','4B',42,'2002-07-29','2046-08-28','','','','','','',21359,'',22000,'',5,2018,2019),
(46,'INGALLS','Charles','72 avenue des Herbiers, 31000 Toulouse','Française','1971-09-14','M',0,'Agent de fabrication','3C',42,'1990-07-30','2034-08-29','','','','','','',19417,'',20000,'',5,2018,2019),
(47,'FRANKLIN','Aretha','15 impasse de la Lune, 81450 Haletarde','Française','1979-09-15','F',9,'Responsable d''analyse','7B',49,'2002-07-31','2042-08-30','','','','','','',44660,'',46000,'',5,2018,2019),
(48,'JOPLIN','Janis','387 chemin du Papillon, 81659 Farce','Française','1986-09-16','F',9,'Laborantin','4A',49,'2008-08-01','2049-08-31','','','','','','',28155,'',29000,'',5,2018,2019),
(49,'LAGUILLIER','Arlette','45 boulevard André le breton, 81000 Albi','Française','1977-09-17','F',9,'Responsable de projet R&D','7B',56,'2005-08-02','2040-09-01','','','','','','',53398,'',55000,'',5,2018,2019),
(50,'DE MONTESPAN','Aurore','45 rue du panthéon, 82300 Halebert','Française','1974-09-18','F',9,'Responsable industrialisation','8A',56,'2001-08-03','2037-09-02','','','','','','',58252,'',60000,'',5,2018,2019),
(51,'OLPON','Cécile','72 chemin du Mont, 82300 Halebert','Française','1982-09-19','F',9,'Technicien de développement packaging','4A',50,'2000-08-04','2045-09-03','','','','','','',21359,'',22000,'',5,2018,2019),
(52,'BILLARD','Isabelle','18 route de Paris, 82150 Girons','Française','1982-09-20','F',9,'Ingénieur méthodes','5C',50,'2008-08-05','2045-09-04','','','','','','',43689,'',45000,'',5,2018,2019),
(53,'TARTINE','Laura','16 avenue René, 81000 Albi','Française','1986-09-21','F',9,'Ingénieur process','5B',50,'2011-08-06','2049-09-05','','','','','','',41748,'',43000,'',5,2018,2019),
(54,'DALLON','Marie-Louise','18 impasse du Parc, 81450 Darton','Française','1988-09-22','F',9,'Ingénieur développement packaging','5A',50,'2013-08-07','2051-09-07','','','','','','',40777,'',42000,'',5,2018,2019),
(55,'STEPRE','Tony','151 avenue Cézanne, 81000 Albi','Française','1973-09-23','M',9,'Technicien polyvalent','3C',50,'1993-08-08','2036-09-07','','','','','04-mai','',19417,'',20000,'',5,2018,2019),
(56,'PALMOURDE','Christian','11 rue des Pères, 81000 Albi','Française','1969-09-24','M',1,'Directeur R&D','9A',4,'1999-08-09','2032-09-08','','','','','','',63107,'',65000,'',5,2018,2019),
(57,'CARRON','Fabrice','13 rue Gérard, 81000 Albi','Française','1992-09-25','M',9,'Chercheur','6C',49,'2017-08-10','2055-09-10','','','','','','',34951,'',36000,'',5,2018,2019),
(58,'GOURLAOUEN','Gérard','58 rue des Avions, 812350 Gorges','Française','1982-09-26','M',10,'Responsable formation','7A',60,'2007-08-11','2045-09-10','','','','','','',29126,'',30000,'',5,2018,2019),
(59,'MAGALY','Lou','72 avenue des Fous, 31000 Toulouse','Française','1975-09-27','F',10,'Responsable RH','7B',60,'2005-08-12','2038-09-11','','','','','','',38835,'',40000,'',5,2018,2019),
(60,'RIZOUL','Natacha','15 impasse de la Vie, 81450 Haletarde','Française','1965-09-28','F',1,'Directeur RH','10',4,'1987-08-13','2028-09-12','','','','','','',63107,'',65000,'',5,2018,2019),
(61,'PESTOUL','Fanny','387 chemin du Coléoptère, 81659 Farce','Française','1994-09-29','F',10,'Chargé de recrutement ','3C',59,'2016-08-14','2057-09-13','','','','','','',31068,'',32000,'',5,2018,2019),
(62,'QUAND','Françoise','45 boulevard Fabrice 81000 Albi','Française','1971-09-30','F',10,'Responsable paie et social','8B',60,'1997-08-15','2034-09-14','','','','','','',38835,'',40000,'',5,2018,2019),
(63,'MARMILLE','Estelle','45 rue stéphane bertoli, 82300 Halebert','Française','1989-10-01','F',10,'Responsable communication','7A',60,'2014-08-16','2052-09-15','','','','','','',33019,'',35000,'',5,2018,2019),
(64,'OUST','Isabelle','72 chemin du caillou, 82300 Halebert','Française','1991-10-02','F',10,'Assistant RH','3A',59,'2014-08-17','2054-09-16','','','','','','',23301,'',24000,'',5,2018,2019),
(65,'FUTIL','Valérie','18 route de Londres, 82150 Girons','Française','1969-10-03','F',11,'Comptable','5C',67,'1994-08-18','2032-09-17','','','','','04-mai','',40777,'',42000,'',5,2018,2019),
(66,'LAMBERT','Elodie','16 avenue Gillette, 81000 Albi','Française','1972-10-04','F',11,'Contrôleur de gestion','6B',67,'1997-08-19','2035-09-19','','','','','','',44660,'',46000,'',5,2018,2019),
(67,'PASCAL','Edmond','18 impasse du Trottoir, 81450 Darton','Française','1972-10-05','M',1,'Directeur financier','9A',4,'2008-08-20','2035-09-20','','','','','','',63107,'',65000,'',5,2018,2019),
(68,'QUENTIN','Marc','151 avenue Van gogh, 81000 Albi','Française','1975-10-06','M',12,'Responsable support informatique','8A',69,'2005-08-21','2038-09-20','','','','','','',42857,'',45000,'',5,2018,2019),
(69,'TALBOT','Henri','11 rue des Frères, 81000 Albi','Française','1970-10-07','M',1,'Directeur informatique','9A',4,'2010-08-22','2033-09-21','','','','','','',53398,'',55000,'',5,2018,2019),
(70,'AUDEBERT','Pierre','13 rue Farceur, 81000 Albi','Française','1979-10-08','M',12,'Administrateur informatique','4C',69,'2009-08-23','2042-09-22','','','','','','',25243,'',26000,'',5,2018,2019),
(71,'DARMON','Esteban','58 rue des Abricots, 812350 Gorges','Française','1988-10-09','M',12,'Développeur informatique','6A',69,'2014-08-24','2051-09-24','','','','','','',38889,'',42000,'',5,2018,2019);
  
  
--  _____                          _   _                 
-- |  ___|__  _ __ _ __ ___   __ _| |_(_) ___  _ __  ___ 
-- | |_ / _ \| '__| '_ ` _ \ / _` | __| |/ _ \| '_ \/ __|
-- |  _| (_) | |  | | | | | | (_| | |_| | (_) | | | \__ \
-- |_|  \___/|_|  |_| |_| |_|\__,_|\__|_|\___/|_| |_|___/
--                                                       
DROP TABLE IF EXISTS Formations;

CREATE TABLE Formations (
	id INTEGER PRIMARY KEY,
	libelle TEXT
);

INSERT INTO Formations(id,libelle) VALUES
(1,"Mettre au point une méthode analytique"),
(2,"Appliquer les bonnes pratiques de laboratoire dans son champ d’activité"),
(3,"Préparer la validation d'une méthode analytique"),
(4,"Appliquer une méthodologie de résolution de problèmes efficace"),
(5,"Déployer les fondamentaux du Lean dans son activité"),
(6,"Manager la performance de votre équipe"),
(7,"Mettre en place un atelier 5S"),
(8,"Sensibiliser au lean management"),
(9,"Appliquer les Bonnes Pratiques de Distribution en industrie de santé"),
(10,"Conduire un équipement automatisé en logistique"),
(11,"Réaliser des préparations de commandes"),
(12,"Réaliser les opérations de réception, stockage et expédition"),
(13,"Caces"),
(14,"Appliquer les règles BPF dans toute intervention de maintenance"),
(15,"Élaborer une gamme de maintenance préventive"),
(16,"Réaliser un diagnostic de pannes"),
(17,"Utiliser des documents techniques"),
(18,"Améliorer le passage de consignes et la description d’anomalies"),
(19,"Communiquer dans ses activités de production en utilisant le vocabulaire anglais technique associé"),
(20,"Communiquer efficacement dans ses activités professionnelles"),
(21,"Conduire un projet"),
(22,"Encadrer une équipe"),
(23,"Manager la performance "),
(24,"Rédiger des écrits professionnels"),
(25,"Communiquer pour convaincre"),
(26,"Développer ses compétences en bioproduction"),
(27,"Intégrer dans son activité les concepts fondamentaux de la chimie"),
(28,"Le bionettoyage"),
(29,"Maîtriser son comportement et sa gestuelle en environnement ZAC"),
(30,"Mettre en oeuvre la maintenance préventive de 1er niveau"),
(31,"Réaliser un pré-diagnostic de pannes"),
(32,"Superviser un procédé de bioproduction"),
(33,"Techniques de vente"),
(34,"Améliorer les conditions de travail dans son équipe"),
(35,"Appliquer les Bonnes Pratiques de Fabrication en industrie pharmaceutique"),
(36,"Gestes d’essais / Vérifications opérationnelles"),
(37,"La validation de nettoyage : calcul du critère d’acceptation – pde, prélèvements physico-chimiques et taux de recouvrement"),
(38,"Prévenir les risques liés à l’activité physique en devenant acteur PRAP (Prévention des Risques liés à l’Activité Physique)"),
(39,"Perfectionner ses relations téléphoniques "),
(40,"Piloter ses taleaux de bord"),
(41,"accompagner la transformation digitale"),
(42,"Législation du travail pour les rh"),
(43,"recruter via les réseaux sociaux"),
(44,"Le RH 3,0"),
(45,"Marque employeur"),
(46,"Piloter sa Gpec"),
(47,"Mener les Entretiens professionnels et individuels"),
(48,"Perfectionner son rôle d'hôtesse d'accueil"),
(49,"Excel base"),
(50,"Excel perfectionnement");


--  _____                          _   _                 ____                     
-- |  ___|__  _ __ _ __ ___   __ _| |_(_) ___  _ __  ___|  _ \ ___ _ __ ___  ___  
-- | |_ / _ \| '__| '_ ` _ \ / _` | __| |/ _ \| '_ \/ __| |_) / _ \ '__/ __|/ _ \ 
-- |  _| (_) | |  | | | | | | (_| | |_| | (_) | | | \__ \  __/  __/ |  \__ \ (_) |
-- |_|  \___/|_|  |_| |_| |_|\__,_|\__|_|\___/|_| |_|___/_|   \___|_|  |___/\___/ 
--                                                                                
DROP TABLE IF EXISTS FormationsPersonnels;

CREATE TABLE FormationsPersonnels (
	fk_id_formation INTEGER,
	fk_id_personnel INTEGER
);

INSERT INTO FormationsPersonnels(fk_id_formation,fk_id_personnel) VALUES
(7,1),
(17,1),
(19,1),
(22,1),
(24,1),
(34,1),
(38,1),
(47,1),
(49,1),
(1,2),
(6,2),
(7,2),
(19,2),
(20,2),
(21,2),
(23,2),
(35,2),
(38,2),
(40,2),
(47,2),
(21,3),
(23,3),
(26,3),
(38,3),
(40,3),
(41,3),
(47,3),
(23,4),
(41,4),
(47,4),
(48,5),
(49,5),
(39,6),
(49,6),
(50,6),
(23,7),
(41,7),
(47,7),
(25,8),
(33,8),
(50,8),
(25,9),
(33,9),
(14,10),
(15,10),
(20,10),
(23,10),
(30,10),
(31,10),
(16,11),
(17,11),
(1,12),
(18,12),
(21,12),
(1,13),
(4,13),
(20,13),
(24,13),
(20,14),
(21,14),
(23,14),
(25,14),
(34,14),
(40,14),
(41,14),
(50,14),
(22,15),
(23,15),
(25,15),
(40,15),
(47,15),
(50,15),
(25,16),
(45,16),
(50,16),
(20,17),
(22,17),
(24,17),
(40,17),
(50,17),
(40,18),
(41,18),
(47,18),
(23,19),
(34,19),
(45,19),
(49,19),
(50,19),
(20,20),
(24,20),
(25,20),
(39,20),
(20,21),
(24,21),
(25,21),
(39,21),
(20,22),
(24,22),
(25,22),
(39,22),
(49,22),
(1,23),
(2,23),
(3,23),
(4,23),
(20,23),
(24,23),
(23,24),
(34,24),
(40,24),
(41,24),
(47,24),
(50,24),
(24,25),
(25,25),
(33,25),
(49,25),
(25,26),
(39,26),
(49,26),
(25,27),
(39,27),
(49,27),
(20,28),
(24,28),
(39,28),
(49,28),
(21,29),
(23,29),
(25,29),
(34,29),
(40,29),
(41,29),
(47,29),
(50,29),
(11,30),
(11,31),
(22,32),
(23,32),
(34,32),
(40,32),
(47,32),
(50,32),
(12,33),
(13,33),
(49,33),
(4,34),
(7,34),
(23,34),
(24,34),
(34,34),
(40,34),
(41,34),
(47,34),
(50,34),
(12,35),
(13,35),
(49,35),
(28,36),
(29,36),
(10,37),
(17,37),
(38,37),
(49,37),
(10,38),
(17,38),
(38,38),
(49,38),
(26,39),
(29,39),
(35,39),
(28,40),
(29,41),
(36,41),
(22,42),
(24,42),
(34,42),
(38,42),
(47,42),
(19,43),
(21,43),
(23,43),
(26,43),
(34,43),
(40,43),
(41,43),
(47,43),
(50,43),
(1,44),
(4,44),
(19,44),
(21,44),
(24,44),
(49,44),
(50,44),
(14,45),
(15,45),
(16,45),
(17,45),
(18,45),
(30,45),
(31,45),
(29,46),
(35,46),
(36,46),
(1,47),
(2,47),
(3,47),
(4,47),
(6,47),
(19,47),
(21,47),
(23,47),
(34,47),
(40,47),
(41,47),
(47,47),
(50,47),
(2,48),
(3,48),
(20,48),
(36,48),
(37,48),
(49,48),
(20,49),
(21,49),
(23,49),
(24,49),
(40,49),
(41,49),
(47,49),
(50,49),
(18,50),
(20,50),
(21,50),
(23,50),
(25,50),
(34,50),
(40,50),
(41,50),
(47,50),
(50,50),
(29,51),
(1,52),
(3,52),
(4,52),
(19,52),
(24,52),
(17,53),
(19,53),
(21,53),
(24,53),
(50,53),
(17,54),
(21,54),
(24,54),
(50,54),
(9,55),
(11,55),
(12,55),
(13,55),
(14,55),
(16,55),
(17,55),
(18,55),
(29,55),
(30,55),
(31,55),
(36,55),
(23,56),
(25,56),
(39,56),
(40,56),
(41,56),
(47,56),
(20,57),
(24,57),
(50,57),
(5,58),
(23,58),
(41,58),
(42,58),
(44,58),
(47,58),
(23,59),
(34,59),
(40,59),
(41,59),
(42,59),
(43,59),
(44,59),
(45,59),
(46,59),
(47,59),
(50,59),
(23,60),
(25,60),
(41,60),
(42,60),
(44,60),
(45,60),
(47,60),
(40,61),
(41,61),
(43,61),
(44,61),
(45,61),
(50,61),
(41,62),
(42,62),
(44,62),
(50,62),
(40,63),
(41,63),
(44,63),
(45,63),
(47,63),
(50,63),
(39,64),
(43,64),
(44,64),
(45,64),
(46,64),
(50,64),
(25,65),
(39,65),
(40,65),
(50,65),
(25,66),
(39,66),
(40,66),
(50,66),
(23,67),
(41,67),
(45,67),
(47,67),
(50,67),
(23,68),
(25,68),
(40,68),
(41,68),
(45,68),
(47,68),
(23,69),
(41,69),
(45,69),
(47,69),
(50,69),
(20,70),
(24,70),
(21,71),
(24,71);

--   ____                           _                           
--  / ___|___  _ __ ___  _ __   ___| |_ ___ _ __   ___ ___  ___ 
-- | |   / _ \| '_ ` _ \| '_ \ / _ \ __/ _ \ '_ \ / __/ _ \/ __|
-- | |__| (_) | | | | | | |_) |  __/ ||  __/ | | | (_|  __/\__ \
--  \____\___/|_| |_| |_| .__/ \___|\__\___|_| |_|\___\___||___/
--                      |_|                                     
DROP TABLE IF EXISTS Competences;

CREATE TABLE Competences (
	id INTEGER PRIMARY KEY,
	libelle TEXT
);

INSERT INTO Competences(id,libelle) VALUES
	(1,"Autonomie"),
	(2,"Adaptabilité"),
	(3,"Persévérance"),
	(4,"Empathie"),
	(5,"Communication"),
	(6,"Sens du relationnel"),
	(7,"Respect des règles d’éthique"),
	(8,"Organisation"),
	(9,"Force de proposition"),
	(10,"Rigueur"),
	(11,"Négociation"),
	(12,"Sens du relationnel et travail en équipe"),
	(13,"Sens du travail en équipe"),
	(14,"Respect des délais"),
	(15,"Esprit d'analyse"),
	(16,"Réactivité"),
	(17,"Mobilité"),
	(18,"Force de persuasion"),
	(19,"Curiosité, créativité, innovation"),
	(20,"Anticipation"),
	(21,"Prise de décision"),
	(22,"Capacité à motiver les équipes"),
	(23,"Aptitudes à la délégation"),
	(24,"Esprit de synthèse"),
	(25,"Résistance au stress et à l'urgence"),
	(26,"Diplomatie"),
	(27,"Coordination de projets"),
	(28,"Goût pour la transmission des savoirs");

--   ____                      _                  ____                     
--  / ___|___  _ __ ___  _ __ | |_ _ __   ___ ___|  _ \ ___ _ __ ___  ___  
-- | |   / _ \| '_ ` _ \| '_ \| __| '_ \ / __/ _ \ |_) / _ \ '__/ __|/ _ \ 
-- | |__| (_) | | | | | | |_) | |_| | | | (_|  __/  __/  __/ |  \__ \ (_) |
--  \____\___/|_| |_| |_| .__/ \__|_| |_|\___\___|_|   \___|_|  |___/\___/ 
--                      |_|                                                
DROP TABLE IF EXISTS CompetencesPersonnels;

CREATE TABLE CompetencesPersonnels (
	fk_id_competence INTEGER,
	fk_id_personnel INTEGER,
	pourcentAcquis INTEGER
);

INSERT INTO CompetencesPersonnels(fk_id_competence,fk_id_personnel,pourcentAcquis) VALUES
(1,1,85),
(2,1,32),
(3,1,28),
(4,1,55),
(5,1,95),
(6,1,96),
(7,1,47),
(8,1,85),
(9,1,87),
(10,1,51),
(11,1,20),
(12,1,5),
(13,1,96),
(14,1,99),
(15,1,35),
(16,1,36),
(17,1,59),
(18,1,72),
(19,1,15),
(20,1,68),
(21,1,84),
(22,1,95),
(23,1,68),
(24,1,32),
(25,1,15),
(26,1,47),
(27,1,85),
(28,1,96),
(1,2,75),
(2,2,12),
(3,2,45),
(4,2,68),
(5,2,85),
(6,2,96),
(7,2,75),
(8,2,74),
(9,2,45),
(10,2,63),
(11,2,65),
(12,2,95),
(13,2,85),
(14,2,12),
(15,2,25),
(16,2,65),
(17,2,35),
(18,2,48),
(19,2,56),
(20,2,59),
(21,2,58),
(22,2,78),
(23,2,45),
(24,2,75),
(25,2,26),
(26,2,59),
(27,2,68),
(28,2,47),
(1,3,45),
(2,3,85),
(3,3,96),
(4,3,32),
(5,3,45),
(6,3,78),
(7,3,25),
(8,3,48),
(9,3,56),
(10,3,59),
(11,3,58),
(12,3,78),
(13,3,45),
(14,3,17),
(15,3,88),
(16,3,75),
(17,3,65),
(18,3,78),
(19,3,17),
(20,3,88),
(21,3,75),
(22,3,65),
(23,3,78),
(24,3,75),
(25,3,74),
(26,3,45),
(27,3,63),
(28,3,65),
(1,4,72),
(2,4,38),
(3,4,18),
(4,4,52),
(5,4,63),
(6,4,85),
(7,4,96),
(8,4,12),
(9,4,52),
(10,4,63),
(11,4,85),
(12,4,96),
(13,4,12),
(14,4,0),
(15,4,45),
(16,4,25),
(17,4,55),
(18,4,63),
(19,4,45),
(20,4,17),
(21,4,88),
(22,4,63),
(23,4,75),
(24,4,12),
(25,4,45),
(26,4,68),
(27,4,85),
(28,4,96),
(1,5,12),
(2,5,85),
(3,5,96),
(4,5,32),
(5,5,45),
(6,5,78),
(7,5,25),
(8,5,55),
(9,5,63),
(10,5,45),
(11,5,85),
(12,5,75),
(13,5,12),
(14,5,45),
(15,5,68),
(16,5,85),
(17,5,96),
(18,5,75),
(19,5,74),
(20,5,45),
(21,5,63),
(22,5,65),
(23,5,95),
(24,5,85),
(25,5,32),
(26,5,68),
(27,5,95),
(28,5,100),
(1,6,85),
(2,6,38),
(3,6,18),
(4,6,52),
(5,6,63),
(6,6,85),
(7,6,96),
(8,6,12),
(9,6,85),
(10,6,96),
(11,6,32),
(12,6,45),
(13,6,78),
(14,6,25),
(15,6,55),
(16,6,74),
(17,6,45),
(18,6,63),
(19,6,65),
(20,6,95),
(21,6,96),
(22,6,32),
(23,6,45),
(24,6,78),
(25,6,25),
(26,6,55),
(27,6,74),
(28,6,45),
(1,7,85),
(2,7,38),
(3,7,18),
(4,7,52),
(5,7,63),
(6,7,85),
(7,7,96),
(8,7,12),
(9,7,0),
(10,7,45),
(11,7,85),
(12,7,96),
(13,7,32),
(14,7,45),
(15,7,78),
(16,7,25),
(17,7,55),
(18,7,63),
(19,7,45),
(20,7,45),
(21,7,68),
(22,7,85),
(23,7,96),
(24,7,75),
(25,7,74),
(26,7,17),
(27,7,88),
(28,7,75),
(1,8,96),
(2,8,12),
(3,8,52),
(4,8,63),
(5,8,85),
(6,8,96),
(7,8,12),
(8,8,0),
(9,8,45),
(10,8,25),
(11,8,55),
(12,8,63),
(13,8,32),
(14,8,45),
(15,8,78),
(16,8,25),
(17,8,20),
(18,8,5),
(19,8,96),
(20,8,63),
(21,8,17),
(22,8,88),
(23,8,75),
(24,8,63),
(25,8,45),
(26,8,63),
(27,8,55),
(28,8,63),
(1,9,75),
(2,9,12),
(3,9,45),
(4,9,68),
(5,9,85),
(6,9,96),
(7,9,75),
(8,9,74),
(9,9,45),
(10,9,63),
(11,9,65),
(12,9,96),
(13,9,32),
(14,9,45),
(15,9,25),
(16,9,55),
(17,9,63),
(18,9,55),
(19,9,63),
(20,9,45),
(21,9,88),
(22,9,75),
(23,9,45),
(24,9,85),
(25,9,96),
(26,9,32),
(27,9,45),
(28,9,78),
(1,10,56),
(2,10,59),
(3,10,58),
(4,10,78),
(5,10,45),
(6,10,17),
(7,10,88),
(8,10,48),
(9,10,56),
(10,10,59),
(11,10,58),
(12,10,78),
(13,10,45),
(14,10,75),
(15,10,26),
(16,10,25),
(17,10,55),
(18,10,63),
(19,10,45),
(20,10,17),
(21,10,85),
(22,10,96),
(23,10,32),
(24,10,45),
(25,10,78),
(26,10,25),
(27,10,55),
(28,10,100),
(1,11,12),
(2,11,85),
(3,11,96),
(4,11,32),
(5,11,45),
(6,11,78),
(7,11,25),
(8,11,55),
(9,11,63),
(10,11,55),
(11,11,63),
(12,11,75),
(13,11,12),
(14,11,45),
(15,11,68),
(16,11,85),
(17,11,96),
(18,11,75),
(19,11,74),
(20,11,65),
(21,11,88),
(22,11,75),
(23,11,65),
(24,11,78),
(25,11,32),
(26,11,68),
(27,11,95),
(28,11,100),
(1,12,63),
(2,12,65),
(3,12,95),
(4,12,85),
(5,12,12),
(6,12,25),
(7,12,65),
(8,12,35),
(9,12,0),
(10,12,45),
(11,12,85),
(12,12,96),
(13,12,32),
(14,12,45),
(15,12,78),
(16,12,25),
(17,12,55),
(18,12,63),
(19,12,45),
(20,12,17),
(21,12,87),
(22,12,51),
(23,12,20),
(24,12,5),
(25,12,45),
(26,12,68),
(27,12,85),
(28,12,96),
(1,13,45),
(2,13,68),
(3,13,85),
(4,13,96),
(5,13,75),
(6,13,74),
(7,13,45),
(8,13,87),
(9,13,51),
(10,13,20),
(11,13,5),
(12,13,45),
(13,13,68),
(14,13,85),
(15,13,96),
(16,13,75),
(17,13,74),
(18,13,45),
(19,13,45),
(20,13,19),
(21,13,88),
(22,13,75),
(23,13,65),
(24,13,78),
(25,13,32),
(26,13,68),
(27,13,95),
(28,13,38),
(1,14,5),
(2,14,96),
(3,14,99),
(4,14,35),
(5,14,36),
(6,14,59),
(7,14,72),
(8,14,15),
(9,14,0),
(10,14,45),
(11,14,65),
(12,14,95),
(13,14,85),
(14,14,12),
(15,14,25),
(16,14,65),
(17,14,35),
(18,14,48),
(19,14,59),
(20,14,25),
(21,14,68),
(22,14,52),
(23,14,63),
(24,14,85),
(25,14,96),
(26,14,45),
(27,14,63),
(28,14,55),
(1,15,78),
(2,15,85),
(3,15,96),
(4,15,12),
(5,15,0),
(6,15,45),
(7,15,25),
(8,15,55),
(9,15,0),
(10,15,12),
(11,15,85),
(12,15,96),
(13,15,32),
(14,15,45),
(15,15,78),
(16,15,25),
(17,15,55),
(18,15,63),
(19,15,55),
(20,15,63),
(21,15,45),
(22,15,75),
(23,15,96),
(24,15,32),
(25,15,45),
(26,15,78),
(27,15,25),
(28,15,78),
(1,16,45),
(2,16,25),
(3,16,55),
(4,16,63),
(5,16,32),
(6,16,45),
(7,16,78),
(8,16,25),
(9,16,20),
(10,16,5),
(11,16,96),
(12,16,47),
(13,16,52),
(14,16,63),
(15,16,85),
(16,16,96),
(17,16,12),
(18,16,0),
(19,16,45),
(20,16,25),
(21,16,55),
(22,16,75),
(23,16,74),
(24,16,25),
(25,16,55),
(26,16,63),
(27,16,95),
(28,16,96),
(1,17,12),
(2,17,85),
(3,17,96),
(4,17,32),
(5,17,45),
(6,17,78),
(7,17,25),
(8,17,12),
(9,17,0),
(10,17,45),
(11,17,45),
(12,17,78),
(13,17,25),
(14,17,65),
(15,17,35),
(16,17,0),
(17,17,45),
(18,17,85),
(19,17,12),
(20,17,0),
(21,17,45),
(22,17,85),
(23,17,96),
(24,17,32),
(25,17,32),
(26,17,68),
(27,17,95),
(28,17,35),
(1,18,55),
(2,18,63),
(3,18,32),
(4,18,45),
(5,18,78),
(6,18,25),
(7,18,20),
(8,18,5),
(9,18,45),
(10,18,75),
(11,18,26),
(12,18,25),
(13,18,55),
(14,18,63),
(15,18,45),
(16,18,63),
(17,18,55),
(18,18,63),
(19,18,45),
(20,18,17),
(21,18,88),
(22,18,75),
(23,18,65),
(24,18,78),
(25,18,32),
(26,18,68),
(27,18,72),
(28,18,54),
(1,19,12),
(2,19,0),
(3,19,45),
(4,19,85),
(5,19,96),
(6,19,32),
(7,19,45),
(8,19,78),
(9,19,12),
(10,19,45),
(11,19,68),
(12,19,85),
(13,19,96),
(14,19,75),
(15,19,74),
(16,19,25),
(17,19,55),
(18,19,15),
(19,19,0),
(20,19,45),
(21,19,65),
(22,19,95),
(23,19,85),
(24,19,12),
(25,19,25),
(26,19,48),
(27,19,56),
(28,19,59),
(1,20,85),
(2,20,38),
(3,20,18),
(4,20,52),
(5,20,63),
(6,20,85),
(7,20,96),
(8,20,12),
(9,20,0),
(10,20,85),
(11,20,96),
(12,20,85),
(13,20,12),
(14,20,25),
(15,20,65),
(16,20,35),
(17,20,48),
(18,20,59),
(19,20,17),
(20,20,17),
(21,20,68),
(22,20,85),
(23,20,96),
(24,20,75),
(25,20,74),
(26,20,45),
(27,20,63),
(28,20,72),
(1,21,75),
(2,21,74),
(3,21,45),
(4,21,63),
(5,21,65),
(6,21,96),
(7,21,32),
(8,21,12),
(9,21,0),
(10,21,45),
(11,21,85),
(12,21,96),
(13,21,32),
(14,21,45),
(15,21,78),
(16,21,25),
(17,21,55),
(18,21,63),
(19,21,45),
(20,21,17),
(21,21,88),
(22,21,75),
(23,21,65),
(24,21,78),
(25,21,32),
(26,21,68),
(27,21,95),
(28,21,52),
(1,22,85),
(2,22,12),
(3,22,0),
(4,22,85),
(5,22,96),
(6,22,75),
(7,22,74),
(8,22,45),
(9,22,45),
(10,22,17),
(11,22,68),
(12,22,85),
(13,22,96),
(14,22,63),
(15,22,55),
(16,22,63),
(17,22,45),
(18,22,75),
(19,22,65),
(20,22,17),
(21,22,5),
(22,22,96),
(23,22,32),
(24,22,45),
(25,22,25),
(26,22,55),
(27,22,63),
(28,22,55),
(1,23,45),
(2,23,25),
(3,23,55),
(4,23,63),
(5,23,32),
(6,23,45),
(7,23,78),
(8,23,25),
(9,23,20),
(10,23,5),
(11,23,96),
(12,23,32),
(13,23,45),
(14,23,25),
(15,23,55),
(16,23,63),
(17,23,55),
(18,23,63),
(19,23,45),
(20,23,96),
(21,23,32),
(22,23,45),
(23,23,25),
(24,23,55),
(25,23,63),
(26,23,55),
(27,23,63),
(28,23,95),
(1,24,63),
(2,24,45),
(3,24,85),
(4,24,75),
(5,24,12),
(6,24,45),
(7,24,75),
(8,24,26),
(9,24,25),
(10,24,55),
(11,24,63),
(12,24,45),
(13,24,17),
(14,24,45),
(15,24,78),
(16,24,25),
(17,24,55),
(18,24,63),
(19,24,12),
(20,24,0),
(21,24,45),
(22,24,25),
(23,24,55),
(24,24,63),
(25,24,45),
(26,24,17),
(27,24,88),
(28,24,75),
(1,25,96),
(2,25,32),
(3,25,45),
(4,25,78),
(5,25,25),
(6,25,55),
(7,25,63),
(8,25,45),
(9,25,0),
(10,25,45),
(11,25,85),
(12,25,63),
(13,25,45),
(14,25,75),
(15,25,65),
(16,25,17),
(17,25,88),
(18,25,96),
(19,25,12),
(20,25,0),
(21,25,45),
(22,25,85),
(23,25,96),
(24,25,32),
(25,25,32),
(26,25,68),
(27,25,95),
(28,25,100),
(1,26,45),
(2,26,68),
(3,26,85),
(4,26,96),
(5,26,75),
(6,26,74),
(7,26,17),
(8,26,88),
(9,26,75),
(10,26,45),
(11,26,5),
(12,26,45),
(13,26,75),
(14,26,26),
(15,26,25),
(16,26,25),
(17,26,55),
(18,26,63),
(19,26,45),
(20,26,17),
(21,26,25),
(22,26,20),
(23,26,5),
(24,26,96),
(25,26,47),
(26,26,52),
(27,26,63),
(28,26,85),
(1,27,25),
(2,27,20),
(3,27,5),
(4,27,96),
(5,27,32),
(6,27,45),
(7,27,25),
(8,27,55),
(9,27,0),
(10,27,45),
(11,27,85),
(12,27,15),
(13,27,0),
(14,27,45),
(15,27,65),
(16,27,95),
(17,27,55),
(18,27,63),
(19,27,45),
(20,27,17),
(21,27,88),
(22,27,52),
(23,27,63),
(24,27,85),
(25,27,96),
(26,27,12),
(27,27,0),
(28,27,85),
(1,28,74),
(2,28,17),
(3,28,88),
(4,28,75),
(5,28,45),
(6,28,85),
(7,28,96),
(8,28,32),
(9,28,45),
(10,28,45),
(11,28,85),
(12,28,96),
(13,28,32),
(14,28,45),
(15,28,78),
(16,28,32),
(17,28,45),
(18,28,78),
(19,28,25),
(20,28,12),
(21,28,0),
(22,28,63),
(23,28,65),
(24,28,96),
(25,28,32),
(26,28,12),
(27,28,0),
(28,28,45),
(1,29,85),
(2,29,25),
(3,29,55),
(4,29,63),
(5,29,45),
(6,29,0),
(7,29,45),
(8,29,85),
(9,29,0),
(10,29,45),
(11,29,85),
(12,29,96),
(13,29,32),
(14,29,45),
(15,29,88),
(16,29,75),
(17,29,65),
(18,29,78),
(19,29,32),
(20,29,68),
(21,29,95),
(22,29,75),
(23,29,65),
(24,29,78),
(25,29,32),
(26,29,68),
(27,29,95),
(28,29,100),
(1,30,55),
(2,30,63),
(3,30,45),
(4,30,17),
(5,30,45),
(6,30,78),
(7,30,25),
(8,30,55),
(9,30,63),
(10,30,45),
(11,30,85),
(12,30,96),
(13,30,32),
(14,30,45),
(15,30,78),
(16,30,45),
(17,30,68),
(18,30,85),
(19,30,96),
(20,30,75),
(21,30,74),
(22,30,25),
(23,30,55),
(24,30,15),
(25,30,0),
(26,30,74),
(27,30,25),
(28,30,55),
(1,31,20),
(2,31,5),
(3,31,96),
(4,31,32),
(5,31,45),
(6,31,85),
(7,31,96),
(8,31,12),
(9,31,0),
(10,31,45),
(11,31,85),
(12,31,96),
(13,31,32),
(14,31,45),
(15,31,78),
(16,31,25),
(17,31,96),
(18,31,32),
(19,31,45),
(20,31,78),
(21,31,25),
(22,31,55),
(23,31,63),
(24,31,45),
(25,31,25),
(26,31,65),
(27,31,35),
(28,31,48),
(1,32,25),
(2,32,55),
(3,32,96),
(4,32,12),
(5,32,0),
(6,32,45),
(7,32,85),
(8,32,63),
(9,32,85),
(10,32,96),
(11,32,12),
(12,32,0),
(13,32,45),
(14,32,45),
(15,32,26),
(16,32,25),
(17,32,25),
(18,32,55),
(19,32,63),
(20,32,45),
(21,32,17),
(22,32,85),
(23,32,96),
(24,32,32),
(25,32,45),
(26,32,78),
(27,32,25),
(28,32,55),
(1,33,32),
(2,33,45),
(3,33,78),
(4,33,25),
(5,33,55),
(6,33,63),
(7,33,45),
(8,33,12),
(9,33,0),
(10,33,45),
(11,33,85),
(12,33,25),
(13,33,55),
(14,33,0),
(15,33,45),
(16,33,85),
(17,33,15),
(18,33,0),
(19,33,45),
(20,33,65),
(21,33,88),
(22,33,75),
(23,33,65),
(24,33,78),
(25,33,32),
(26,33,68),
(27,33,95),
(28,33,100),
(1,34,96),
(2,34,85),
(3,34,96),
(4,34,32),
(5,34,45),
(6,34,45),
(7,34,85),
(8,34,96),
(9,34,32),
(10,34,45),
(11,34,85),
(12,34,96),
(13,34,32),
(14,34,96),
(15,34,32),
(16,34,45),
(17,34,78),
(18,34,32),
(19,34,45),
(20,34,78),
(21,34,45),
(22,34,45),
(23,34,17),
(24,34,68),
(25,34,85),
(26,34,96),
(27,34,63),
(28,34,55),
(1,35,96),
(2,35,32),
(3,35,45),
(4,35,78),
(5,35,25),
(6,35,55),
(7,35,96),
(8,35,12),
(9,35,0),
(10,35,45),
(11,35,85),
(12,35,32),
(13,35,45),
(14,35,78),
(15,35,25),
(16,35,55),
(17,35,63),
(18,35,45),
(19,35,45),
(20,35,55),
(21,35,63),
(22,35,12),
(23,35,0),
(24,35,45),
(25,35,25),
(26,35,55),
(27,35,63),
(28,35,56),
(1,36,55),
(2,36,63),
(3,36,45),
(4,36,17),
(5,36,45),
(6,36,78),
(7,36,25),
(8,36,55),
(9,36,78),
(10,36,25),
(11,36,55),
(12,36,63),
(13,36,45),
(14,36,17),
(15,36,78),
(16,36,25),
(17,36,55),
(18,36,63),
(19,36,45),
(20,36,85),
(21,36,96),
(22,36,32),
(23,36,45),
(24,36,78),
(25,36,32),
(26,36,68),
(27,36,95),
(28,36,100),
(1,37,45),
(2,37,78),
(3,37,25),
(4,37,55),
(5,37,63),
(6,37,45),
(7,37,17),
(8,37,12),
(9,37,0),
(10,37,45),
(11,37,85),
(12,37,96),
(13,37,32),
(14,37,45),
(15,37,78),
(16,37,25),
(17,37,55),
(18,37,63),
(19,37,45),
(20,37,17),
(21,37,88),
(22,37,75),
(23,37,65),
(24,37,78),
(25,37,32),
(26,37,68),
(27,37,95),
(28,37,100),
(1,38,78),
(2,38,25),
(3,38,55),
(4,38,63),
(5,38,45),
(6,38,17),
(7,38,88),
(8,38,75),
(9,38,45),
(10,38,85),
(11,38,96),
(12,38,32),
(13,38,32),
(14,38,45),
(15,38,78),
(16,38,25),
(17,38,55),
(18,38,45),
(19,38,85),
(20,38,25),
(21,38,55),
(22,38,0),
(23,38,45),
(24,38,78),
(25,38,25),
(26,38,68),
(27,38,95),
(28,38,100),
(1,39,75),
(2,39,74),
(3,39,17),
(4,39,88),
(5,39,75),
(6,39,45),
(7,39,85),
(8,39,96),
(9,39,32),
(10,39,45),
(11,39,78),
(12,39,25),
(13,39,45),
(14,39,85),
(15,39,96),
(16,39,32),
(17,39,45),
(18,39,78),
(19,39,45),
(20,39,55),
(21,39,63),
(22,39,45),
(23,39,45),
(24,39,55),
(25,39,63),
(26,39,12),
(27,39,95),
(28,39,100),
(1,40,25),
(2,40,55),
(3,40,63),
(4,40,45),
(5,40,17),
(6,40,78),
(7,40,25),
(8,40,55),
(9,40,63),
(10,40,45),
(11,40,17),
(12,40,88),
(13,40,32),
(14,40,45),
(15,40,78),
(16,40,25),
(17,40,25),
(18,40,85),
(19,40,32),
(20,40,45),
(21,40,78),
(22,40,25),
(23,40,55),
(24,40,78),
(25,40,32),
(26,40,68),
(27,40,95),
(28,40,100),
(1,41,59),
(2,41,72),
(3,41,15),
(4,41,0),
(5,41,45),
(6,41,65),
(7,41,95),
(8,41,85),
(9,41,12),
(10,41,45),
(11,41,85),
(12,41,96),
(13,41,32),
(14,41,45),
(15,41,45),
(16,41,17),
(17,41,78),
(18,41,25),
(19,41,55),
(20,41,63),
(21,41,45),
(22,41,75),
(23,41,65),
(24,41,78),
(25,41,32),
(26,41,68),
(27,41,95),
(28,41,100),
(1,42,96),
(2,42,75),
(3,42,74),
(4,42,45),
(5,42,45),
(6,42,17),
(7,42,68),
(8,42,85),
(9,42,45),
(10,42,78),
(11,42,25),
(12,42,85),
(13,42,96),
(14,42,32),
(15,42,45),
(16,42,25),
(17,42,85),
(18,42,96),
(19,42,32),
(20,42,45),
(21,42,85),
(22,42,96),
(23,42,32),
(24,42,96),
(25,42,32),
(26,42,45),
(27,42,12),
(28,42,100),
(1,43,63),
(2,43,45),
(3,43,0),
(4,43,45),
(5,43,85),
(6,43,96),
(7,43,32),
(8,43,45),
(9,43,96),
(10,43,12),
(11,43,96),
(12,43,12),
(13,43,0),
(14,43,45),
(15,43,85),
(16,43,96),
(17,43,63),
(18,43,45),
(19,43,17),
(20,43,88),
(21,43,75),
(22,43,65),
(23,43,32),
(24,43,78),
(25,43,32),
(26,43,68),
(27,43,95),
(28,43,100),
(1,44,45),
(2,44,85),
(3,44,96),
(4,44,32),
(5,44,45),
(6,44,78),
(7,44,96),
(8,44,12),
(9,44,0),
(10,44,45),
(11,44,85),
(12,44,96),
(13,44,32),
(14,44,45),
(15,44,78),
(16,44,25),
(17,44,85),
(18,44,96),
(19,44,32),
(20,44,45),
(21,44,78),
(22,44,25),
(23,44,85),
(24,44,96),
(25,44,32),
(26,44,45),
(27,44,78),
(28,44,32),
(1,45,85),
(2,45,38),
(3,45,18),
(4,45,52),
(5,45,63),
(6,45,85),
(7,45,96),
(8,45,12),
(9,45,0),
(10,45,45),
(11,45,85),
(12,45,96),
(13,45,12),
(14,45,0),
(15,45,45),
(16,45,85),
(17,45,96),
(18,45,32),
(19,45,45),
(20,45,45),
(21,45,85),
(22,45,96),
(23,45,32),
(24,45,32),
(25,45,45),
(26,45,78),
(27,45,45),
(28,45,96),
(1,46,0),
(2,46,45),
(3,46,85),
(4,46,96),
(5,46,32),
(6,46,85),
(7,46,85),
(8,46,85),
(9,46,85),
(10,46,85),
(11,46,85),
(12,46,96),
(13,46,32),
(14,46,45),
(15,46,78),
(16,46,25),
(17,46,55),
(18,46,63),
(19,46,45),
(20,46,12),
(21,46,0),
(22,46,45),
(23,46,85),
(24,46,96),
(25,46,32),
(26,46,45),
(27,46,78),
(28,46,25),
(1,47,96),
(2,47,32),
(3,47,45),
(4,47,85),
(5,47,96),
(6,47,32),
(7,47,45),
(8,47,78),
(9,47,0),
(10,47,0),
(11,47,45),
(12,47,85),
(13,47,96),
(14,47,32),
(15,47,25),
(16,47,55),
(17,47,55),
(18,47,63),
(19,47,96),
(20,47,32),
(21,47,45),
(22,47,78),
(23,47,25),
(24,47,85),
(25,47,96),
(26,47,32),
(27,47,45),
(28,47,85),
(1,48,45),
(2,48,85),
(3,48,96),
(4,48,32),
(5,48,45),
(6,48,78),
(7,48,96),
(8,48,12),
(9,48,96),
(10,48,12),
(11,48,0),
(12,48,45),
(13,48,85),
(14,48,96),
(15,48,32),
(16,48,25),
(17,48,32),
(18,48,45),
(19,48,78),
(20,48,25),
(21,48,45),
(22,48,85),
(23,48,96),
(24,48,32),
(25,48,45),
(26,48,78),
(27,48,95),
(28,48,78),
(1,49,78),
(2,49,25),
(3,49,55),
(4,49,96),
(5,49,12),
(6,49,0),
(7,49,45),
(8,49,85),
(9,49,32),
(10,49,45),
(11,49,85),
(12,49,78),
(13,49,25),
(14,49,55),
(15,49,63),
(16,49,45),
(17,49,63),
(18,49,45),
(19,49,17),
(20,49,78),
(21,49,25),
(22,49,55),
(23,49,65),
(24,49,78),
(25,49,32),
(26,49,68),
(27,49,95),
(28,49,25),
(1,50,45),
(2,50,85),
(3,50,96),
(4,50,32),
(5,50,45),
(6,50,78),
(7,50,25),
(8,50,45),
(9,50,85),
(10,50,96),
(11,50,32),
(12,50,96),
(13,50,32),
(14,50,45),
(15,50,78),
(16,50,25),
(17,50,55),
(18,50,63),
(19,50,78),
(20,50,25),
(21,50,55),
(22,50,63),
(23,50,45),
(24,50,12),
(25,50,0),
(26,50,68),
(27,50,95),
(28,50,68),
(1,51,32),
(2,51,45),
(3,51,78),
(4,51,25),
(5,51,85),
(6,51,96),
(7,51,32),
(8,51,45),
(9,51,78),
(10,51,25),
(11,51,96),
(12,51,12),
(13,51,0),
(14,51,45),
(15,51,85),
(16,51,96),
(17,51,32),
(18,51,96),
(19,51,32),
(20,51,45),
(21,51,78),
(22,51,0),
(23,51,0),
(24,51,45),
(25,51,63),
(26,51,45),
(27,51,75),
(28,51,95),
(1,52,78),
(2,52,0),
(3,52,45),
(4,52,85),
(5,52,96),
(6,52,32),
(7,52,45),
(8,52,78),
(9,52,25),
(10,52,55),
(11,52,96),
(12,52,32),
(13,52,45),
(14,52,78),
(15,52,25),
(16,52,55),
(17,52,63),
(18,52,32),
(19,52,45),
(20,52,78),
(21,52,25),
(22,52,45),
(23,52,65),
(24,52,78),
(25,52,32),
(26,52,68),
(27,52,95),
(28,52,30),
(1,53,96),
(2,53,32),
(3,53,45),
(4,53,78),
(5,53,25),
(6,53,85),
(7,53,96),
(8,53,32),
(9,53,45),
(10,53,78),
(11,53,25),
(12,53,45),
(13,53,85),
(14,53,96),
(15,53,32),
(16,53,96),
(17,53,32),
(18,53,63),
(19,53,45),
(20,53,25),
(21,53,55),
(22,53,63),
(23,53,45),
(24,53,25),
(25,53,78),
(26,53,25),
(27,53,78),
(28,53,20),
(1,54,88),
(2,54,75),
(3,54,65),
(4,54,78),
(5,54,32),
(6,54,68),
(7,54,95),
(8,54,100),
(9,54,0),
(10,54,45),
(11,54,85),
(12,54,25),
(13,54,32),
(14,54,45),
(15,54,78),
(16,54,25),
(17,54,45),
(18,54,25),
(19,54,85),
(20,54,45),
(21,54,17),
(22,54,78),
(23,54,25),
(24,54,55),
(25,54,63),
(26,54,45),
(27,54,55),
(28,54,58),
(1,55,25),
(2,55,0),
(3,55,45),
(4,55,85),
(5,55,96),
(6,55,32),
(7,55,45),
(8,55,78),
(9,55,88),
(10,55,45),
(11,55,45),
(12,55,85),
(13,55,45),
(14,55,85),
(15,55,96),
(16,55,32),
(17,55,45),
(18,55,32),
(19,55,45),
(20,55,85),
(21,55,96),
(22,55,25),
(23,55,78),
(24,55,25),
(25,55,96),
(26,55,12),
(27,55,0),
(28,55,45),
(1,56,32),
(2,56,45),
(3,56,78),
(4,56,25),
(5,56,55),
(6,56,63),
(7,56,45),
(8,56,17),
(9,56,88),
(10,56,45),
(11,56,85),
(12,56,96),
(13,56,32),
(14,56,45),
(15,56,78),
(16,56,25),
(17,56,55),
(18,56,63),
(19,56,32),
(20,56,45),
(21,56,78),
(22,56,25),
(23,56,32),
(24,56,45),
(25,56,78),
(26,56,0),
(27,56,45),
(28,56,88),
(1,57,45),
(2,57,78),
(3,57,25),
(4,57,55),
(5,57,63),
(6,57,45),
(7,57,17),
(8,57,12),
(9,57,0),
(10,57,45),
(11,57,85),
(12,57,96),
(13,57,32),
(14,57,25),
(15,57,96),
(16,57,12),
(17,57,0),
(18,57,45),
(19,57,85),
(20,57,96),
(21,57,85),
(22,57,78),
(23,57,25),
(24,57,55),
(25,57,63),
(26,57,45),
(27,57,63),
(28,57,45),
(1,58,45),
(2,58,85),
(3,58,96),
(4,58,32),
(5,58,45),
(6,58,96),
(7,58,12),
(8,58,96),
(9,58,12),
(10,58,0),
(11,58,45),
(12,58,85),
(13,58,96),
(14,58,32),
(15,58,25),
(16,58,96),
(17,58,12),
(18,58,0),
(19,58,45),
(20,58,85),
(21,58,45),
(22,58,78),
(23,58,55),
(24,58,63),
(25,58,32),
(26,58,45),
(27,58,78),
(28,58,45),
(1,59,32),
(2,59,96),
(3,59,32),
(4,59,45),
(5,59,78),
(6,59,25),
(7,59,55),
(8,59,12),
(9,59,0),
(10,59,45),
(11,59,85),
(12,59,32),
(13,59,96),
(14,59,32),
(15,59,45),
(16,59,78),
(17,59,0),
(18,59,0),
(19,59,45),
(20,59,32),
(21,59,45),
(22,59,78),
(23,59,25),
(24,59,45),
(25,59,85),
(26,59,96),
(27,59,32),
(28,59,96),
(1,60,78),
(2,60,25),
(3,60,55),
(4,60,63),
(5,60,45),
(6,60,17),
(7,60,88),
(8,60,55),
(9,60,0),
(10,60,45),
(11,60,45),
(12,60,63),
(13,60,32),
(14,60,45),
(15,60,78),
(16,60,25),
(17,60,45),
(18,60,65),
(19,60,45),
(20,60,17),
(21,60,32),
(22,60,45),
(23,60,32),
(24,60,45),
(25,60,85),
(26,60,96),
(27,60,85),
(28,60,78),
(1,61,12),
(2,61,0),
(3,61,45),
(4,61,85),
(5,61,96),
(6,61,32),
(7,61,45),
(8,61,78),
(9,61,0),
(10,61,45),
(11,61,55),
(12,61,96),
(13,61,12),
(14,61,0),
(15,61,45),
(16,61,85),
(17,61,45),
(18,61,85),
(19,61,96),
(20,61,88),
(21,61,45),
(22,61,85),
(23,61,96),
(24,61,32),
(25,61,45),
(26,61,96),
(27,61,32),
(28,61,65),
(1,62,85),
(2,62,38),
(3,62,18),
(4,62,52),
(5,62,63),
(6,62,85),
(7,62,96),
(8,62,12),
(9,62,0),
(10,62,45),
(11,62,45),
(12,62,78),
(13,62,25),
(14,62,55),
(15,62,63),
(16,62,45),
(17,62,17),
(18,62,88),
(19,62,75),
(20,62,17),
(21,62,85),
(22,62,96),
(23,62,32),
(24,62,96),
(25,62,32),
(26,62,45),
(27,62,65),
(28,62,86),
(1,63,55),
(2,63,38),
(3,63,18),
(4,63,52),
(5,63,63),
(6,63,85),
(7,63,96),
(8,63,12),
(9,63,0),
(10,63,45),
(11,63,85),
(12,63,96),
(13,63,32),
(14,63,96),
(15,63,32),
(16,63,45),
(17,63,78),
(18,63,12),
(19,63,0),
(20,63,45),
(21,63,78),
(22,63,25),
(23,63,96),
(24,63,12),
(25,63,0),
(26,63,45),
(27,63,25),
(28,63,32),
(1,64,45),
(2,64,78),
(3,64,25),
(4,64,45),
(5,64,85),
(6,64,96),
(7,64,32),
(8,64,96),
(9,64,0),
(10,64,45),
(11,64,85),
(12,64,96),
(13,64,32),
(14,64,45),
(15,64,78),
(16,64,25),
(17,64,45),
(18,64,85),
(19,64,96),
(20,64,96),
(21,64,32),
(22,64,45),
(23,64,65),
(24,64,78),
(25,64,32),
(26,64,78),
(27,64,95),
(28,64,65),
(1,65,32),
(2,65,45),
(3,65,78),
(4,65,25),
(5,65,55),
(6,65,63),
(7,65,45),
(8,65,17),
(9,65,88),
(10,65,75),
(11,65,65),
(12,65,78),
(13,65,32),
(14,65,78),
(15,65,25),
(16,65,55),
(17,65,63),
(18,65,45),
(19,65,12),
(20,65,17),
(21,65,32),
(22,65,45),
(23,65,78),
(24,65,12),
(25,65,0),
(26,65,45),
(27,65,95),
(28,65,72),
(1,66,45),
(2,66,78),
(3,66,25),
(4,66,55),
(5,66,63),
(6,66,45),
(7,66,12),
(8,66,0),
(9,66,96),
(10,66,12),
(11,66,78),
(12,66,32),
(13,66,85),
(14,66,96),
(15,66,32),
(16,66,45),
(17,66,32),
(18,66,45),
(19,66,0),
(20,66,45),
(21,66,78),
(22,66,25),
(23,66,45),
(24,66,85),
(25,66,96),
(26,66,32),
(27,66,96),
(28,66,32),
(1,67,96),
(2,67,32),
(3,67,45),
(4,67,78),
(5,67,25),
(6,67,55),
(7,67,96),
(8,67,12),
(9,67,0),
(10,67,45),
(11,67,45),
(12,67,63),
(13,67,32),
(14,67,45),
(15,67,78),
(16,67,25),
(17,67,45),
(18,67,85),
(19,67,25),
(20,67,32),
(21,67,45),
(22,67,78),
(23,67,25),
(24,67,45),
(25,67,25),
(26,67,85),
(27,67,45),
(28,67,12),
(1,68,45),
(2,68,78),
(3,68,96),
(4,68,12),
(5,68,96),
(6,68,12),
(7,68,0),
(8,68,45),
(9,68,0),
(10,68,32),
(11,68,45),
(12,68,78),
(13,68,0),
(14,68,0),
(15,68,45),
(16,68,17),
(17,68,45),
(18,68,45),
(19,68,85),
(20,68,45),
(21,68,85),
(22,68,96),
(23,68,32),
(24,68,45),
(25,68,32),
(26,68,45),
(27,68,85),
(28,68,52),
(1,69,45),
(2,69,17),
(3,69,88),
(4,69,75),
(5,69,65),
(6,69,78),
(7,69,45),
(8,69,85),
(9,69,96),
(10,69,32),
(11,69,45),
(12,69,78),
(13,69,25),
(14,69,55),
(15,69,63),
(16,69,32),
(17,69,78),
(18,69,25),
(19,69,45),
(20,69,65),
(21,69,45),
(22,69,17),
(23,69,25),
(24,69,55),
(25,69,63),
(26,69,45),
(27,69,17),
(28,69,88),
(1,70,0),
(2,70,45),
(3,70,85),
(4,70,96),
(5,70,32),
(6,70,45),
(7,70,45),
(8,70,85),
(9,70,96),
(10,70,32),
(11,70,25),
(12,70,96),
(13,70,12),
(14,70,0),
(15,70,45),
(16,70,85),
(17,70,45),
(18,70,78),
(19,70,88),
(20,70,45),
(21,70,45),
(22,70,85),
(23,70,45),
(24,70,85),
(25,70,96),
(26,70,32),
(27,70,45),
(28,70,100),
(1,71,65),
(2,71,78),
(3,71,32),
(4,71,45),
(5,71,78),
(6,71,25),
(7,71,55),
(8,71,63),
(9,71,0),
(10,71,45),
(11,71,85),
(12,71,96),
(13,71,45),
(14,71,78),
(15,71,25),
(16,71,55),
(17,71,63),
(18,71,45),
(19,71,17),
(20,71,88),
(21,71,75),
(22,71,65),
(23,71,78),
(24,71,32),
(25,71,78),
(26,71,25),
(27,71,55),
(28,71,55);


--  _____         _       
-- |_   _|__  ___| |_ ___ 
--   | |/ _ \/ __| __/ __|
--   | |  __/\__ \ |_\__ \
--   |_|\___||___/\__|___/
-- 

select nom from Formations,FormationsPersonnels,Personnels
where Formations.id = FormationsPersonnels.fk_id_formation
and Personnels.id = FormationsPersonnels.fk_id_personnel
and Formations.libelle = "Mettre au point une méthode analytique";

select Personnels.nom,Competences.libelle,pourcentAcquis from CompetencesPersonnels,Personnels,Competences
where CompetencesPersonnels.fk_id_competence = Competences.id
and CompetencesPersonnels.fk_id_personnel = Personnels.id
and Personnels.nom = "JAMON"
and Competences.libelle = "Force de proposition";
